{
  "in_sample": {
    "total_return_%": 166.68133072753548,
    "max_drawdown_%": 0.06873225402993731,
    "sharpe_ratio": 1.528790553389901,
    "sortino_ratio": Infinity,
    "calmar_ratio": 213.6026643188599,
    "total_trades": 23,
    "win_rate_%": 95.65217391304348,
    "profit_factor": Infinity
  },
  "out_of_sample": {
    "total_return_%": 80.79657379684151,
    "max_drawdown_%": 0.8355074816562659,
    "sharpe_ratio": 1.4985614629040906,
    "sortino_ratio": Infinity,
    "calmar_ratio": 25.062527095217938,
    "total_trades": 14,
    "win_rate_%": 92.85714285714286,
    "profit_factor": 66.27520668686516
  }
}