{
  "in_sample": {
    "total_return_%": 167.18515929052035,
    "max_drawdown_%": 0.06858040004204302,
    "sharpe_ratio": 1.5337750833955945,
    "sortino_ratio": Infinity,
    "calmar_ratio": 214.58577764582625,
    "total_trades": 23,
    "win_rate_%": 95.65217391304348,
    "profit_factor": Infinity
  },
  "out_of_sample": {
    "total_return_%": 80.79657379684151,
    "max_drawdown_%": 0.8355074816562659,
    "sharpe_ratio": 1.4995758608246808,
    "sortino_ratio": Infinity,
    "calmar_ratio": 25.096213287550217,
    "total_trades": 14,
    "win_rate_%": 92.85714285714286,
    "profit_factor": 66.27520668686516
  }
}