{
  "in_sample": {
    "total_return_%": 166.32569020677423,
    "max_drawdown_%": 0.0688398496402205,
    "sharpe_ratio": 1.530461345550857,
    "sortino_ratio": Infinity,
    "calmar_ratio": 213.46164308086753,
    "total_trades": 23,
    "win_rate_%": 95.65217391304348,
    "profit_factor": Infinity
  },
  "out_of_sample": {
    "total_return_%": 80.69804590646336,
    "max_drawdown_%": 0.835972254270825,
    "sharpe_ratio": 1.4998704510756828,
    "sortino_ratio": Infinity,
    "calmar_ratio": 25.0929000297389,
    "total_trades": 14,
    "win_rate_%": 92.85714285714286,
    "profit_factor": 66.19827257202351
  }
}