{
  "in_sample": {
    "total_return_%": 149.44514649896087,
    "max_drawdown_%": 20.703975435617235,
    "sharpe_ratio": 0.4926092801567801,
    "sortino_ratio": 0.42892685653573615,
    "calmar_ratio": 1.2823798086738931,
    "total_trades": 18,
    "win_rate_%": 50.0,
    "profit_factor": 2.3564425414178474
  },
  "out_of_sample": {
    "total_return_%": -13.149053572676927,
    "max_drawdown_%": 48.33739761725408,
    "sharpe_ratio": 0.08021719768087185,
    "sortino_ratio": 0.0509788595118383,
    "calmar_ratio": 0.08514072086509789,
    "total_trades": 4,
    "win_rate_%": 25.0,
    "profit_factor": 0.7413128031886359
  }
}