{
  "in_sample": {
    "total_return_%": 137.47375951178213,
    "max_drawdown_%": 2.364864411636234,
    "sharpe_ratio": 1.307903471272709,
    "sortino_ratio": 0.8542206400139603,
    "calmar_ratio": 5.515363145949965,
    "total_trades": 28,
    "win_rate_%": 89.28571428571429,
    "profit_factor": 24.82143920592111
  },
  "out_of_sample": {
    "total_return_%": 68.88033456025842,
    "max_drawdown_%": 1.9013892729705353,
    "sharpe_ratio": 1.454879297630725,
    "sortino_ratio": 5.645806792615342,
    "calmar_ratio": 9.752351111612821,
    "total_trades": 12,
    "win_rate_%": 75.0,
    "profit_factor": 20.389408709462305
  }
}