{
  "in_sample_metrics": {
    "total_return_%": 148.46015039586175,
    "max_drawdown_%": 4.276978489078866,
    "sharpe_ratio": 1.3453646249185454,
    "sortino_ratio": 0.8925650704158863,
    "calmar_ratio": 3.2101710871898943,
    "total_trades": 32,
    "win_rate_%": 78.125,
    "profit_factor": 25.466577559702976
  },
  "out_of_sample_metrics": {
    "total_return_%": 382.0772014425641,
    "max_drawdown_%": 2.906260203456854,
    "sharpe_ratio": 0.7734007425256677,
    "sortino_ratio": 3.1945533280312124,
    "calmar_ratio": 27.154524989523296,
    "total_trades": 16,
    "win_rate_%": 81.25,
    "profit_factor": 73.13030263130844
  }
}