{
  "in_sample_metrics": {
    "total_return_%": 157.7954938445025,
    "max_drawdown_%": 2.2094593030715335,
    "sharpe_ratio": 1.4497594663110083,
    "sortino_ratio": 1.5232603584633948,
    "calmar_ratio": 6.441398422897973,
    "total_trades": 36,
    "win_rate_%": 80.55555555555556,
    "profit_factor": 30.444063724768288
  },
  "out_of_sample_metrics": {
    "total_return_%": 401.16801301699087,
    "max_drawdown_%": 2.7775981611881986,
    "sharpe_ratio": 0.7632770279162373,
    "sortino_ratio": 10.56934948225006,
    "calmar_ratio": 29.777914661388245,
    "total_trades": 18,
    "win_rate_%": 83.33333333333334,
    "profit_factor": 50.403946196596266
  }
}