{
  "in_sample": {
    "total_return_%": 877.1778864764585,
    "max_drawdown_%": 34.38027266005559,
    "sharpe_ratio": 0.6493627417425789,
    "sortino_ratio": 0.9667102523836789,
    "calmar_ratio": 0.625277866714517,
    "total_trades": 38,
    "win_rate_%": 78.94736842105263,
    "profit_factor": 7.861118945896546
  },
  "out_of_sample": {
    "total_return_%": 491.46953813321295,
    "max_drawdown_%": 29.19516637601062,
    "sharpe_ratio": 0.8708542187856609,
    "sortino_ratio": 1.52134351378571,
    "calmar_ratio": 1.3220981903845235,
    "total_trades": 21,
    "win_rate_%": 76.19047619047619,
    "profit_factor": 8.960779203993818
  }
}