{
  "in_sample": {
    "total_return_%": 898.2658604002236,
    "max_drawdown_%": 34.38027266005559,
    "sharpe_ratio": 0.652961536021839,
    "sortino_ratio": 0.9725706287541976,
    "calmar_ratio": 0.6282750216837363,
    "total_trades": 38,
    "win_rate_%": 78.94736842105263,
    "profit_factor": 7.861118945896546
  },
  "out_of_sample": {
    "total_return_%": 504.2107158542938,
    "max_drawdown_%": 29.19516637601062,
    "sharpe_ratio": 0.8772870483614134,
    "sortino_ratio": 1.5331721549339767,
    "calmar_ratio": 1.332704836941535,
    "total_trades": 22,
    "win_rate_%": 77.27272727272727,
    "profit_factor": 9.430867813848549
  }
}