{
  "in_sample": {
    "total_return_%": 974.4341911709249,
    "max_drawdown_%": 34.38027266005559,
    "sharpe_ratio": 0.6646507072362253,
    "sortino_ratio": 0.9862917718927234,
    "calmar_ratio": 0.6366510349491596,
    "total_trades": 40,
    "win_rate_%": 80.0,
    "profit_factor": 8.505603435446329
  },
  "out_of_sample": {
    "total_return_%": 416.2002835361526,
    "max_drawdown_%": 47.6587401268174,
    "sharpe_ratio": 0.7130704321876525,
    "sortino_ratio": 1.1316212618713388,
    "calmar_ratio": 0.9655420237078066,
    "total_trades": 21,
    "win_rate_%": 76.19047619047619,
    "profit_factor": 8.052552311601497
  }
}