{
  "in_sample": {
    "total_return_%": 974.4341911709249,
    "max_drawdown_%": 34.38027266005559,
    "sharpe_ratio": 0.6651155014444873,
    "sortino_ratio": 0.9876696592521712,
    "calmar_ratio": 0.6375404608152523,
    "total_trades": 40,
    "win_rate_%": 80.0,
    "profit_factor": 8.505603435446329
  },
  "out_of_sample": {
    "total_return_%": 416.86034365645196,
    "max_drawdown_%": 47.6587401268174,
    "sharpe_ratio": 0.713864222836218,
    "sortino_ratio": 1.1315882418788914,
    "calmar_ratio": 0.9672002205572212,
    "total_trades": 21,
    "win_rate_%": 76.19047619047619,
    "profit_factor": 8.052552311601497
  }
}