{
  "in_sample": {
    "total_return_%": 891.4842652381,
    "max_drawdown_%": 34.38027266005559,
    "sharpe_ratio": 0.6506630375527119,
    "sortino_ratio": 0.9683673718824296,
    "calmar_ratio": 0.6252813096911628,
    "total_trades": 39,
    "win_rate_%": 79.48717948717949,
    "profit_factor": 7.870354402638654
  },
  "out_of_sample": {
    "total_return_%": 504.2107158542938,
    "max_drawdown_%": 29.19516637601062,
    "sharpe_ratio": 0.8761314814320835,
    "sortino_ratio": 1.5291454388343468,
    "calmar_ratio": 1.3292046272581692,
    "total_trades": 22,
    "win_rate_%": 77.27272727272727,
    "profit_factor": 9.430867813848549
  }
}