{
  "in_sample": {
    "total_return_%": 1444.202449994453,
    "max_drawdown_%": 12.267117367768126,
    "sharpe_ratio": 0.7893772321353568,
    "sortino_ratio": 0.4496215001440742,
    "calmar_ratio": 1.8383907785520401,
    "total_trades": 64,
    "win_rate_%": 71.875,
    "profit_factor": 14.815491874089696
  },
  "out_of_sample": {
    "total_return_%": 541.2944338543132,
    "max_drawdown_%": 1.685442161940515,
    "sharpe_ratio": 1.5602779980764498,
    "sortino_ratio": 5.883104435265544,
    "calmar_ratio": 19.48718300539779,
    "total_trades": 26,
    "win_rate_%": 88.46153846153845,
    "profit_factor": 48.863492844988365
  }
}