{
  "in_sample": {
    "total_return_%": 1469.1071471921034,
    "max_drawdown_%": 4.552042024387824,
    "sharpe_ratio": 0.8547830647083925,
    "sortino_ratio": 0.9584351297340048,
    "calmar_ratio": 4.850145633287995,
    "total_trades": 63,
    "win_rate_%": 74.60317460317461,
    "profit_factor": 17.443601168975636
  },
  "out_of_sample": {
    "total_return_%": 556.2465518422656,
    "max_drawdown_%": 2.6937617477506466,
    "sharpe_ratio": 1.5482984332014753,
    "sortino_ratio": 2.026228164444337,
    "calmar_ratio": 12.31633628784285,
    "total_trades": 27,
    "win_rate_%": 85.18518518518519,
    "profit_factor": 34.51716109044975
  }
}