{
  "in_sample": {
    "total_return_%": 1470.0980140922982,
    "max_drawdown_%": 4.543330677001878,
    "sharpe_ratio": 0.8791321565673541,
    "sortino_ratio": 0.9566080564254841,
    "calmar_ratio": 4.830295254941074,
    "total_trades": 64,
    "win_rate_%": 75.0,
    "profit_factor": 17.456817100605072
  },
  "out_of_sample": {
    "total_return_%": 557.1789471540135,
    "max_drawdown_%": 2.6937617477506466,
    "sharpe_ratio": 1.5508744685755635,
    "sortino_ratio": 2.0267594172522934,
    "calmar_ratio": 12.340733732599789,
    "total_trades": 27,
    "win_rate_%": 85.18518518518519,
    "profit_factor": 34.57280327993943
  }
}