{
  "in_sample": {
    "total_return_%": 974.4341911709249,
    "max_drawdown_%": 34.38027266005559,
    "sharpe_ratio": 0.664465062199765,
    "sortino_ratio": 0.9857416928230677,
    "calmar_ratio": 0.6362959590791378,
    "total_trades": 40,
    "win_rate_%": 80.0,
    "profit_factor": 8.505603435446329
  },
  "out_of_sample": {
    "total_return_%": 420.60071930970315,
    "max_drawdown_%": 47.6587401268174,
    "sharpe_ratio": 0.7149956692667768,
    "sortino_ratio": 1.134958531626962,
    "calmar_ratio": 0.9678672875018879,
    "total_trades": 21,
    "win_rate_%": 76.19047619047619,
    "profit_factor": 8.052552311601497
  }
}