{
  "in_sample": {
    "total_return_%": 1066.260266250741,
    "max_drawdown_%": 2.7355563554138316,
    "sharpe_ratio": 0.9930809510267767,
    "sortino_ratio": 2.828071312258821,
    "calmar_ratio": 15.557880587247487,
    "total_trades": 30,
    "win_rate_%": 76.66666666666667,
    "profit_factor": 36.46127166039636
  },
  "out_of_sample": {
    "total_return_%": 236.8719628170236,
    "max_drawdown_%": 4.803014291774221,
    "sharpe_ratio": 1.4170550008122296,
    "sortino_ratio": 3.2071859046150286,
    "calmar_ratio": 9.486788589628853,
    "total_trades": 17,
    "win_rate_%": 64.70588235294117,
    "profit_factor": 14.376386474168033
  }
}