{
  "in_sample": {
    "total_return_%": 974.4341911709249,
    "max_drawdown_%": 34.38027266005559,
    "sharpe_ratio": 0.6658612046514488,
    "sortino_ratio": 0.9898823048063625,
    "calmar_ratio": 0.6389687228389214,
    "total_trades": 40,
    "win_rate_%": 80.0,
    "profit_factor": 8.505603435446329
  },
  "out_of_sample": {
    "total_return_%": 417.4104007510124,
    "max_drawdown_%": 47.6587401268174,
    "sharpe_ratio": 0.7150846796682995,
    "sortino_ratio": 1.1308425302239333,
    "calmar_ratio": 0.969885358958375,
    "total_trades": 21,
    "win_rate_%": 76.19047619047619,
    "profit_factor": 8.052552311601497
  }
}