{
  "in_sample": {
    "total_return_%": 1460.2205904404525,
    "max_drawdown_%": 6.671913327361062,
    "sharpe_ratio": 0.8196602960661811,
    "sortino_ratio": 0.7070914534013001,
    "calmar_ratio": 3.364479744934927,
    "total_trades": 62,
    "win_rate_%": 72.58064516129032,
    "profit_factor": 16.054472994661694
  },
  "out_of_sample": {
    "total_return_%": 583.6462428787489,
    "max_drawdown_%": 2.6937617477506466,
    "sharpe_ratio": 1.5829820331252074,
    "sortino_ratio": 1.698459010988831,
    "calmar_ratio": 12.644367755626801,
    "total_trades": 27,
    "win_rate_%": 88.88888888888889,
    "profit_factor": 50.3177222096097
  }
}