{
  "in_sample": {
    "total_return_%": 1481.1174422638833,
    "max_drawdown_%": 4.524127499096066,
    "sharpe_ratio": 0.8739374456547292,
    "sortino_ratio": 0.9556806112157507,
    "calmar_ratio": 4.954387701257001,
    "total_trades": 62,
    "win_rate_%": 75.80645161290323,
    "profit_factor": 19.328350176714224
  },
  "out_of_sample": {
    "total_return_%": 930.9409800785227,
    "max_drawdown_%": 0.9152732673729622,
    "sharpe_ratio": 0.48492337370421845,
    "sortino_ratio": 8.983026671942925,
    "calmar_ratio": 86.910785907986,
    "total_trades": 26,
    "win_rate_%": 92.3076923076923,
    "profit_factor": 152.7128706042089
  }
}