{
  "in_sample": {
    "total_return_%": 1459.6229661757723,
    "max_drawdown_%": 4.723839028618997,
    "sharpe_ratio": 0.8449654365969198,
    "sortino_ratio": 0.9195732051661062,
    "calmar_ratio": 4.672522798466831,
    "total_trades": 63,
    "win_rate_%": 74.60317460317461,
    "profit_factor": 17.338348190785943
  },
  "out_of_sample": {
    "total_return_%": 557.1789471540135,
    "max_drawdown_%": 2.6937617477506466,
    "sharpe_ratio": 1.5503610442221631,
    "sortino_ratio": 2.0254295226215504,
    "calmar_ratio": 12.33263613828706,
    "total_trades": 27,
    "win_rate_%": 85.18518518518519,
    "profit_factor": 34.57280327993943
  }
}