{
  "in_sample": {
    "total_return_%": 1460.2205904404525,
    "max_drawdown_%": 6.671913327361062,
    "sharpe_ratio": 0.8195441422691874,
    "sortino_ratio": 0.7068915406352833,
    "calmar_ratio": 3.3635285208057386,
    "total_trades": 62,
    "win_rate_%": 72.58064516129032,
    "profit_factor": 16.054472994661694
  },
  "out_of_sample": {
    "total_return_%": 565.3304879668975,
    "max_drawdown_%": 2.6937617477506466,
    "sharpe_ratio": 1.5680705201064504,
    "sortino_ratio": 1.674934982780909,
    "calmar_ratio": 12.46924050096227,
    "total_trades": 27,
    "win_rate_%": 88.88888888888889,
    "profit_factor": 48.784241054738935
  }
}