{
  "in_sample": {
    "total_return_%": 874.6929981149549,
    "max_drawdown_%": 34.38027266005559,
    "sharpe_ratio": 0.6495533800945342,
    "sortino_ratio": 0.9676281325152039,
    "calmar_ratio": 0.626163586769949,
    "total_trades": 38,
    "win_rate_%": 78.94736842105263,
    "profit_factor": 7.861118945896546
  },
  "out_of_sample": {
    "total_return_%": 474.25591708902755,
    "max_drawdown_%": 29.19516637601062,
    "sharpe_ratio": 0.8615870765818714,
    "sortino_ratio": 1.5027717929698434,
    "calmar_ratio": 1.3076219689616062,
    "total_trades": 21,
    "win_rate_%": 76.19047619047619,
    "profit_factor": 8.960779203993818
  }
}