{
  "in_sample": {
    "total_return_%": 1463.928150132106,
    "max_drawdown_%": 6.671913327361062,
    "sharpe_ratio": 0.820481299837278,
    "sortino_ratio": 0.7097154066885065,
    "calmar_ratio": 3.3655306538209318,
    "total_trades": 62,
    "win_rate_%": 72.58064516129032,
    "profit_factor": 16.68694252874716
  },
  "out_of_sample": {
    "total_return_%": 550.4074118263225,
    "max_drawdown_%": 2.6937617477506466,
    "sharpe_ratio": 1.5519587147687757,
    "sortino_ratio": 1.6546769009199969,
    "calmar_ratio": 12.318426948550526,
    "total_trades": 27,
    "win_rate_%": 88.88888888888889,
    "profit_factor": 47.53481092508233
  }
}