{
  "in_sample": {
    "total_return_%": 974.4341911709249,
    "max_drawdown_%": 34.38027266005559,
    "sharpe_ratio": 0.666048022684063,
    "sortino_ratio": 0.9904370161007342,
    "calmar_ratio": 0.6393267888085706,
    "total_trades": 40,
    "win_rate_%": 80.0,
    "profit_factor": 8.505603435446329
  },
  "out_of_sample": {
    "total_return_%": 421.26078992146887,
    "max_drawdown_%": 47.6587401268174,
    "sharpe_ratio": 0.7172117337441679,
    "sortino_ratio": 1.1339047952948689,
    "calmar_ratio": 0.9730720670234085,
    "total_trades": 21,
    "win_rate_%": 76.19047619047619,
    "profit_factor": 8.052552311601497
  }
}