{
  "in_sample": {
    "total_return_%": 1460.0660764050394,
    "max_drawdown_%": 4.709453123076974,
    "sharpe_ratio": 0.8461616636983249,
    "sortino_ratio": 0.9314383004620272,
    "calmar_ratio": 4.73779058786312,
    "total_trades": 62,
    "win_rate_%": 74.19354838709677,
    "profit_factor": 17.341046164982625
  },
  "out_of_sample": {
    "total_return_%": 927.8057054313431,
    "max_drawdown_%": 0.9152732673729622,
    "sharpe_ratio": 0.4835026411395099,
    "sortino_ratio": 12.587332039361325,
    "calmar_ratio": 86.45635568031366,
    "total_trades": 27,
    "win_rate_%": 85.18518518518519,
    "profit_factor": 80.81831574094001
  }
}