{
  "in_sample": {
    "total_return_%": 908.9533159156581,
    "max_drawdown_%": 34.38027266005559,
    "sharpe_ratio": 0.654125409668894,
    "sortino_ratio": 0.973151185853695,
    "calmar_ratio": 0.6283702504714134,
    "total_trades": 39,
    "win_rate_%": 79.48717948717949,
    "profit_factor": 7.870354402638654
  },
  "out_of_sample": {
    "total_return_%": 421.26078992146887,
    "max_drawdown_%": 47.6587401268174,
    "sharpe_ratio": 0.7183881638109543,
    "sortino_ratio": 1.1376225159351796,
    "calmar_ratio": 0.9762624672431572,
    "total_trades": 21,
    "win_rate_%": 76.19047619047619,
    "profit_factor": 8.052552311601497
  }
}