{
  "in_sample": {
    "total_return_%": 974.4341911709249,
    "max_drawdown_%": 34.38027266005559,
    "sharpe_ratio": 0.6639090590552398,
    "sortino_ratio": 0.9840951309753676,
    "calmar_ratio": 0.6352331039136382,
    "total_trades": 40,
    "win_rate_%": 80.0,
    "profit_factor": 8.505603435446329
  },
  "out_of_sample": {
    "total_return_%": 405.5292136709595,
    "max_drawdown_%": 47.6587401268174,
    "sharpe_ratio": 0.7070567381624566,
    "sortino_ratio": 1.125421315077317,
    "calmar_ratio": 0.9565635611337328,
    "total_trades": 21,
    "win_rate_%": 76.19047619047619,
    "profit_factor": 8.052552311601497
  }
}