{
  "in_sample": {
    "total_return_%": 974.4341911709249,
    "max_drawdown_%": 34.38027266005559,
    "sharpe_ratio": 0.6634467877558557,
    "sortino_ratio": 0.9827271922333946,
    "calmar_ratio": 0.6343500998770609,
    "total_trades": 40,
    "win_rate_%": 80.0,
    "profit_factor": 8.505603435446329
  },
  "out_of_sample": {
    "total_return_%": 443.48300631509863,
    "max_drawdown_%": 47.6587401268174,
    "sharpe_ratio": 0.7246447768384091,
    "sortino_ratio": 1.1555444253409533,
    "calmar_ratio": 0.9804967804365425,
    "total_trades": 21,
    "win_rate_%": 76.19047619047619,
    "profit_factor": 8.052552311601497
  }
}