{
  "in_sample": {
    "total_return_%": 1461.1444113221203,
    "max_drawdown_%": 11.518346857385838,
    "sharpe_ratio": 0.8090719199158253,
    "sortino_ratio": 0.45880051092029683,
    "calmar_ratio": 1.9572221340288654,
    "total_trades": 63,
    "win_rate_%": 73.01587301587301,
    "profit_factor": 15.165606668014512
  },
  "out_of_sample": {
    "total_return_%": 550.4074118263225,
    "max_drawdown_%": 2.6937617477506466,
    "sharpe_ratio": 1.5519587147687757,
    "sortino_ratio": 1.6546769009199969,
    "calmar_ratio": 12.318426948550526,
    "total_trades": 27,
    "win_rate_%": 88.88888888888889,
    "profit_factor": 47.53481092508233
  }
}