{
  "in_sample": {
    "total_return_%": 1469.1071471921034,
    "max_drawdown_%": 4.552042024387824,
    "sharpe_ratio": 0.8545422946850578,
    "sortino_ratio": 0.957896683031907,
    "calmar_ratio": 4.8474208323704175,
    "total_trades": 63,
    "win_rate_%": 74.60317460317461,
    "profit_factor": 17.443601168975636
  },
  "out_of_sample": {
    "total_return_%": 565.5543757127514,
    "max_drawdown_%": 2.6937617477506466,
    "sharpe_ratio": 1.563589694165374,
    "sortino_ratio": 1.2164659330548273,
    "calmar_ratio": 12.388969904006148,
    "total_trades": 27,
    "win_rate_%": 92.5925925925926,
    "profit_factor": 93.53000260297313
  }
}