{
  "in_sample": {
    "total_return_%": 876.774935069078,
    "max_drawdown_%": 34.38027266005559,
    "sharpe_ratio": 0.6493657783167625,
    "sortino_ratio": 0.9668515143783173,
    "calmar_ratio": 0.6253692363864921,
    "total_trades": 38,
    "win_rate_%": 78.94736842105263,
    "profit_factor": 7.861118945896546
  },
  "out_of_sample": {
    "total_return_%": 477.2280564527951,
    "max_drawdown_%": 29.19516637601062,
    "sharpe_ratio": 0.8620363228862771,
    "sortino_ratio": 1.5062512975164326,
    "calmar_ratio": 1.3089825517153502,
    "total_trades": 21,
    "win_rate_%": 76.19047619047619,
    "profit_factor": 8.960779203993818
  }
}