{
  "in_sample": {
    "total_return_%": 1481.1174422638833,
    "max_drawdown_%": 4.524127499096066,
    "sharpe_ratio": 0.875065380109088,
    "sortino_ratio": 0.958142295675094,
    "calmar_ratio": 4.967149432599678,
    "total_trades": 62,
    "win_rate_%": 75.80645161290323,
    "profit_factor": 19.328350176714228
  },
  "out_of_sample": {
    "total_return_%": 922.1192828402069,
    "max_drawdown_%": 8.821697238315664,
    "sharpe_ratio": 0.4715127893051816,
    "sortino_ratio": 1.1137180000597828,
    "calmar_ratio": 9.629639059585106,
    "total_trades": 27,
    "win_rate_%": 88.88888888888889,
    "profit_factor": 63.70337170541289
  }
}