{
  "in_sample": {
    "total_return_%": 974.4341911709249,
    "max_drawdown_%": 34.38027266005559,
    "sharpe_ratio": 0.6640016293242732,
    "sortino_ratio": 0.9843691758461488,
    "calmar_ratio": 0.6354099997933134,
    "total_trades": 40,
    "win_rate_%": 80.0,
    "profit_factor": 8.505603435446329
  },
  "out_of_sample": {
    "total_return_%": 407.83944507494016,
    "max_drawdown_%": 47.6587401268174,
    "sharpe_ratio": 0.7082164561439585,
    "sortino_ratio": 1.1267288930686539,
    "calmar_ratio": 0.9581255082120654,
    "total_trades": 21,
    "win_rate_%": 76.19047619047619,
    "profit_factor": 8.052552311601497
  }
}