{
  "in_sample": {
    "total_return_%": 974.4341911709249,
    "max_drawdown_%": 34.38027266005559,
    "sharpe_ratio": 0.6647435881243459,
    "sortino_ratio": 0.9865670417146304,
    "calmar_ratio": 0.6368287215344092,
    "total_trades": 40,
    "win_rate_%": 80.0,
    "profit_factor": 8.505603435446329
  },
  "out_of_sample": {
    "total_return_%": 420.2156824909507,
    "max_drawdown_%": 47.6587401268174,
    "sharpe_ratio": 0.7152766990098007,
    "sortino_ratio": 1.134486409890637,
    "calmar_ratio": 0.9688305778538939,
    "total_trades": 21,
    "win_rate_%": 76.19047619047619,
    "profit_factor": 8.052552311601497
  }
}