{
  "in_sample": {
    "total_return_%": 1454.3053860508603,
    "max_drawdown_%": 4.903595111671269,
    "sharpe_ratio": 0.8315451492890239,
    "sortino_ratio": 0.9086015409585138,
    "calmar_ratio": 4.558414795427315,
    "total_trades": 62,
    "win_rate_%": 74.19354838709677,
    "profit_factor": 17.277115519293574
  },
  "out_of_sample": {
    "total_return_%": 925.8449282470551,
    "max_drawdown_%": 0.9152732673729622,
    "sharpe_ratio": 0.48314776118630626,
    "sortino_ratio": 14.230158069836074,
    "calmar_ratio": 86.36434567883252,
    "total_trades": 27,
    "win_rate_%": 85.18518518518519,
    "profit_factor": 69.21107450349605
  }
}