{
  "in_sample": {
    "total_return_%": 1475.7298500522743,
    "max_drawdown_%": 4.571494639692898,
    "sharpe_ratio": 0.8539002948976638,
    "sortino_ratio": 0.9678751140712389,
    "calmar_ratio": 4.907421733092679,
    "total_trades": 62,
    "win_rate_%": 74.19354838709677,
    "profit_factor": 19.036981494786342
  },
  "out_of_sample": {
    "total_return_%": 930.9409800785227,
    "max_drawdown_%": 0.9152732673729622,
    "sharpe_ratio": 0.4842787849147988,
    "sortino_ratio": 8.959167371353434,
    "calmar_ratio": 86.67994716719453,
    "total_trades": 26,
    "win_rate_%": 92.3076923076923,
    "profit_factor": 152.7128706042089
  }
}