{
  "in_sample": {
    "total_return_%": 1461.47662208481,
    "max_drawdown_%": 4.664236507002427,
    "sharpe_ratio": 0.8471947674002016,
    "sortino_ratio": 0.9620192564066922,
    "calmar_ratio": 4.776936098324685,
    "total_trades": 63,
    "win_rate_%": 73.01587301587301,
    "profit_factor": 17.104296245047266
  },
  "out_of_sample": {
    "total_return_%": 934.6832473931954,
    "max_drawdown_%": 0.9152732673729622,
    "sharpe_ratio": 0.48372221732341597,
    "sortino_ratio": 15.371702551043805,
    "calmar_ratio": 86.4111495602128,
    "total_trades": 27,
    "win_rate_%": 85.18518518518519,
    "profit_factor": 57.10097941126487
  }
}