{
  "in_sample": {
    "total_return_%": 1463.1013170740082,
    "max_drawdown_%": 4.61321933644375,
    "sharpe_ratio": 0.853174963277361,
    "sortino_ratio": 0.941730551173231,
    "calmar_ratio": 4.824591598432027,
    "total_trades": 62,
    "win_rate_%": 74.19354838709677,
    "profit_factor": 17.374730477774776
  },
  "out_of_sample": {
    "total_return_%": 934.6832473931954,
    "max_drawdown_%": 0.9152732673729622,
    "sharpe_ratio": 0.48372221732341597,
    "sortino_ratio": 15.371702551043805,
    "calmar_ratio": 86.4111495602128,
    "total_trades": 27,
    "win_rate_%": 85.18518518518519,
    "profit_factor": 57.10097941126487
  }
}