{
  "in_sample": {
    "total_return_%": 1485.8664298745277,
    "max_drawdown_%": 4.483181488526979,
    "sharpe_ratio": 0.8875521110719141,
    "sortino_ratio": 0.9691800266545872,
    "calmar_ratio": 4.97560103905419,
    "total_trades": 62,
    "win_rate_%": 75.80645161290323,
    "profit_factor": 19.386629447815896
  },
  "out_of_sample": {
    "total_return_%": 930.9409800785227,
    "max_drawdown_%": 0.9152732673729622,
    "sharpe_ratio": 0.484439691103289,
    "sortino_ratio": 8.9651203064839,
    "calmar_ratio": 86.73754181647504,
    "total_trades": 26,
    "win_rate_%": 92.3076923076923,
    "profit_factor": 152.7128706042089
  }
}