{
  "in_sample": {
    "total_return_%": 1456.5672668276034,
    "max_drawdown_%": 4.825488914145873,
    "sharpe_ratio": 0.8322386260618798,
    "sortino_ratio": 0.9087746018969411,
    "calmar_ratio": 4.584125725497769,
    "total_trades": 63,
    "win_rate_%": 74.60317460317461,
    "profit_factor": 17.30443683288448
  },
  "out_of_sample": {
    "total_return_%": 555.5622988409509,
    "max_drawdown_%": 2.6937617477506466,
    "sharpe_ratio": 1.5482824184842658,
    "sortino_ratio": 2.026447910336025,
    "calmar_ratio": 12.317672003310332,
    "total_trades": 27,
    "win_rate_%": 85.18518518518519,
    "profit_factor": 34.47632719233988
  }
}