{
  "in_sample": {
    "total_return_%": 874.8273195206132,
    "max_drawdown_%": 34.38027266005559,
    "sharpe_ratio": 0.6494909392940652,
    "sortino_ratio": 0.967398106146819,
    "calmar_ratio": 0.6260147339916557,
    "total_trades": 38,
    "win_rate_%": 78.94736842105263,
    "profit_factor": 7.861118945896546
  },
  "out_of_sample": {
    "total_return_%": 500.4478712427429,
    "max_drawdown_%": 29.19516637601062,
    "sharpe_ratio": 0.8780196732857705,
    "sortino_ratio": 1.5326952003040115,
    "calmar_ratio": 1.3336595250292627,
    "total_trades": 21,
    "win_rate_%": 76.19047619047619,
    "profit_factor": 8.960779203993818
  }
}