{
  "in_sample": {
    "total_return_%": 1481.1174422638833,
    "max_drawdown_%": 4.524127499096066,
    "sharpe_ratio": 0.8746889168457304,
    "sortino_ratio": 0.9573203263050541,
    "calmar_ratio": 4.962888223478203,
    "total_trades": 62,
    "win_rate_%": 75.80645161290323,
    "profit_factor": 19.328350176714224
  },
  "out_of_sample": {
    "total_return_%": 922.1192828402071,
    "max_drawdown_%": 8.821697238315664,
    "sharpe_ratio": 0.47135545351038804,
    "sortino_ratio": 1.1129750260770879,
    "calmar_ratio": 9.623215017517339,
    "total_trades": 27,
    "win_rate_%": 88.88888888888889,
    "profit_factor": 63.703371705412884
  }
}