{
  "in_sample": {
    "total_return_%": 1455.0255859931392,
    "max_drawdown_%": 4.878452543842675,
    "sharpe_ratio": 0.8332662278246121,
    "sortino_ratio": 0.910891059678127,
    "calmar_ratio": 4.577831641766241,
    "total_trades": 62,
    "win_rate_%": 74.19354838709677,
    "profit_factor": 17.285108111240767
  },
  "out_of_sample": {
    "total_return_%": 941.7638634127625,
    "max_drawdown_%": 0.9152732673729622,
    "sharpe_ratio": 0.4847376962995515,
    "sortino_ratio": 12.598786724031461,
    "calmar_ratio": 86.64966273016783,
    "total_trades": 27,
    "win_rate_%": 88.88888888888889,
    "profit_factor": 87.23471238162958
  }
}