{
  "in_sample": {
    "total_return_%": 1066.260266250741,
    "max_drawdown_%": 2.7355563554138316,
    "sharpe_ratio": 0.9927932668360117,
    "sortino_ratio": 2.826438476628186,
    "calmar_ratio": 15.548897977208659,
    "total_trades": 30,
    "win_rate_%": 76.66666666666667,
    "profit_factor": 36.46127166039638
  },
  "out_of_sample": {
    "total_return_%": 237.87931218836115,
    "max_drawdown_%": 4.518346422995546,
    "sharpe_ratio": 1.420295659013899,
    "sortino_ratio": 3.122609516886435,
    "calmar_ratio": 10.106753054631797,
    "total_trades": 17,
    "win_rate_%": 64.70588235294117,
    "profit_factor": 15.230529988659711
  }
}