{
  "in_sample": {
    "total_return_%": 1453.8783886044519,
    "max_drawdown_%": 12.123102484773469,
    "sharpe_ratio": 0.7972296027501942,
    "sortino_ratio": 0.441575154157876,
    "calmar_ratio": 1.8610927617568598,
    "total_trades": 63,
    "win_rate_%": 73.01587301587301,
    "profit_factor": 15.09576577900513
  },
  "out_of_sample": {
    "total_return_%": 541.2944338543132,
    "max_drawdown_%": 1.685442161940515,
    "sharpe_ratio": 1.5607964701101031,
    "sortino_ratio": 5.886979998134624,
    "calmar_ratio": 19.500020411857207,
    "total_trades": 26,
    "win_rate_%": 88.46153846153845,
    "profit_factor": 48.863492844988365
  }
}