{
  "in_sample": {
    "total_return_%": 1481.1174422638833,
    "max_drawdown_%": 4.524127499096066,
    "sharpe_ratio": 0.8734375395468792,
    "sortino_ratio": 0.9545905848556528,
    "calmar_ratio": 4.94873684559546,
    "total_trades": 62,
    "win_rate_%": 75.80645161290323,
    "profit_factor": 19.328350176714224
  },
  "out_of_sample": {
    "total_return_%": 937.1909772669827,
    "max_drawdown_%": 0.9152732673729622,
    "sharpe_ratio": 0.48522716585366077,
    "sortino_ratio": 8.982730897495252,
    "calmar_ratio": 86.9079242901107,
    "total_trades": 26,
    "win_rate_%": 92.3076923076923,
    "profit_factor": 153.7257575890837
  }
}