{
  "in_sample": {
    "total_return_%": 1450.9450121994323,
    "max_drawdown_%": 5.024417603601661,
    "sharpe_ratio": 0.817210465693902,
    "sortino_ratio": 0.8981411996795561,
    "calmar_ratio": 4.469434533462326,
    "total_trades": 62,
    "win_rate_%": 74.19354838709677,
    "profit_factor": 17.23982296286887
  },
  "out_of_sample": {
    "total_return_%": 941.6946000916813,
    "max_drawdown_%": 0.9152732673729622,
    "sharpe_ratio": 0.48487916836613154,
    "sortino_ratio": 12.60649756363777,
    "calmar_ratio": 86.70269495191175,
    "total_trades": 27,
    "win_rate_%": 88.88888888888889,
    "profit_factor": 87.22840628951315
  }
}