{
  "in_sample": {
    "total_return_%": 1459.6229661757723,
    "max_drawdown_%": 4.723839028618997,
    "sharpe_ratio": 0.8449654365969198,
    "sortino_ratio": 0.9195732051661062,
    "calmar_ratio": 4.672522798466831,
    "total_trades": 63,
    "win_rate_%": 74.60317460317461,
    "profit_factor": 17.338348190785943
  },
  "out_of_sample": {
    "total_return_%": 556.4107658746133,
    "max_drawdown_%": 2.6937617477506466,
    "sharpe_ratio": 1.5499597296398695,
    "sortino_ratio": 2.035674218361045,
    "calmar_ratio": 12.333553780732524,
    "total_trades": 28,
    "win_rate_%": 82.14285714285714,
    "profit_factor": 33.4389832778773
  }
}