{
  "in_sample": {
    "total_return_%": 1463.1013170740082,
    "max_drawdown_%": 4.61321933644375,
    "sharpe_ratio": 0.8519642149826956,
    "sortino_ratio": 0.9390665326409163,
    "calmar_ratio": 4.810943531675501,
    "total_trades": 62,
    "win_rate_%": 74.19354838709677,
    "profit_factor": 17.374730477774776
  },
  "out_of_sample": {
    "total_return_%": 534.5802029251677,
    "max_drawdown_%": 2.6937617477506466,
    "sharpe_ratio": 1.5306803259152388,
    "sortino_ratio": 2.001346767852635,
    "calmar_ratio": 12.185998672773962,
    "total_trades": 26,
    "win_rate_%": 84.61538461538461,
    "profit_factor": 33.21225155844894
  }
}