{
  "in_sample": {
    "total_return_%": 974.4341911709249,
    "max_drawdown_%": 34.38027266005559,
    "sharpe_ratio": 0.6636315803741825,
    "sortino_ratio": 0.9832739111164174,
    "calmar_ratio": 0.6347030067476463,
    "total_trades": 40,
    "win_rate_%": 80.0,
    "profit_factor": 8.505603435446329
  },
  "out_of_sample": {
    "total_return_%": 405.96925724831465,
    "max_drawdown_%": 47.6587401268174,
    "sharpe_ratio": 0.7070465423300972,
    "sortino_ratio": 1.1261605729148998,
    "calmar_ratio": 0.9562641424556833,
    "total_trades": 21,
    "win_rate_%": 76.19047619047619,
    "profit_factor": 8.052552311601497
  }
}