{
  "in_sample": {
    "total_return_%": 974.4341911709249,
    "max_drawdown_%": 34.38027266005559,
    "sharpe_ratio": 0.665301692347028,
    "sortino_ratio": 0.9882218927770535,
    "calmar_ratio": 0.6378969273854593,
    "total_trades": 40,
    "win_rate_%": 80.0,
    "profit_factor": 8.505603435446329
  },
  "out_of_sample": {
    "total_return_%": 414.1650754337189,
    "max_drawdown_%": 47.6587401268174,
    "sharpe_ratio": 0.7127686675262304,
    "sortino_ratio": 1.1294385168016532,
    "calmar_ratio": 0.965979443796458,
    "total_trades": 21,
    "win_rate_%": 76.19047619047619,
    "profit_factor": 8.052552311601497
  }
}