{
  "in_sample": {
    "total_return_%": 1466.5010943299126,
    "max_drawdown_%": 4.575113787557965,
    "sharpe_ratio": 0.8505036915559845,
    "sortino_ratio": 0.987301887195301,
    "calmar_ratio": 4.8923445526670415,
    "total_trades": 63,
    "win_rate_%": 73.01587301587301,
    "profit_factor": 17.159188635509107
  },
  "out_of_sample": {
    "total_return_%": 930.9409800785227,
    "max_drawdown_%": 0.9152732673729622,
    "sharpe_ratio": 0.4839574529564325,
    "sortino_ratio": 8.94728518651079,
    "calmar_ratio": 86.56498702506296,
    "total_trades": 26,
    "win_rate_%": 92.3076923076923,
    "profit_factor": 152.7128706042089
  }
}