{
  "in_sample": {
    "total_return_%": 1448.0361654731366,
    "max_drawdown_%": 5.133917913163319,
    "sharpe_ratio": 0.8102251355811231,
    "sortino_ratio": 0.8774394438643154,
    "calmar_ratio": 4.335537467644553,
    "total_trades": 62,
    "win_rate_%": 74.19354838709677,
    "profit_factor": 17.207541337232165
  },
  "out_of_sample": {
    "total_return_%": 550.4074118263225,
    "max_drawdown_%": 2.6937617477506466,
    "sharpe_ratio": 1.5498985156862455,
    "sortino_ratio": 1.6503253508847042,
    "calmar_ratio": 12.286031348422842,
    "total_trades": 27,
    "win_rate_%": 88.88888888888889,
    "profit_factor": 47.53481092508233
  }
}