{
  "in_sample": {
    "total_return_%": 891.4842652381,
    "max_drawdown_%": 34.38027266005559,
    "sharpe_ratio": 0.650938292311639,
    "sortino_ratio": 0.9691857105065559,
    "calmar_ratio": 0.625809716431747,
    "total_trades": 39,
    "win_rate_%": 79.48717948717949,
    "profit_factor": 7.870354402638654
  },
  "out_of_sample": {
    "total_return_%": 504.2107158542938,
    "max_drawdown_%": 29.19516637601062,
    "sharpe_ratio": 0.8764199450207738,
    "sortino_ratio": 1.530150133603621,
    "calmar_ratio": 1.3300779548713484,
    "total_trades": 22,
    "win_rate_%": 77.27272727272727,
    "profit_factor": 9.430867813848549
  }
}