{
  "in_sample": {
    "total_return_%": 1453.8783886044519,
    "max_drawdown_%": 12.123102484773469,
    "sharpe_ratio": 0.7972296027501942,
    "sortino_ratio": 0.441575154157876,
    "calmar_ratio": 1.8610927617568598,
    "total_trades": 63,
    "win_rate_%": 73.01587301587301,
    "profit_factor": 15.09576577900513
  },
  "out_of_sample": {
    "total_return_%": 550.4074118263225,
    "max_drawdown_%": 2.6937617477506466,
    "sharpe_ratio": 1.5519587147687757,
    "sortino_ratio": 1.6546769009199969,
    "calmar_ratio": 12.318426948550526,
    "total_trades": 27,
    "win_rate_%": 88.88888888888889,
    "profit_factor": 47.53481092508233
  }
}