{
  "in_sample": {
    "total_return_%": 1459.5197163329217,
    "max_drawdown_%": 11.648274883978651,
    "sharpe_ratio": 0.8025445511735547,
    "sortino_ratio": 0.4675638863708927,
    "calmar_ratio": 1.9355485772148289,
    "total_trades": 64,
    "win_rate_%": 71.875,
    "profit_factor": 14.960732239768689
  },
  "out_of_sample": {
    "total_return_%": 551.3457209918582,
    "max_drawdown_%": 0.9157648635393187,
    "sharpe_ratio": 1.572131319900614,
    "sortino_ratio": 4.420922370963459,
    "calmar_ratio": 36.123620285564776,
    "total_trades": 26,
    "win_rate_%": 92.3076923076923,
    "profit_factor": 85.36018088393519
  }
}