{
  "in_sample": {
    "total_return_%": 1462.7892443040582,
    "max_drawdown_%": 4.622931977582995,
    "sharpe_ratio": 0.8555464407217367,
    "sortino_ratio": 0.9312762418642055,
    "calmar_ratio": 4.767533229137153,
    "total_trades": 63,
    "win_rate_%": 74.60317460317461,
    "profit_factor": 17.373486723275477
  },
  "out_of_sample": {
    "total_return_%": 557.1789471540135,
    "max_drawdown_%": 2.6937617477506466,
    "sharpe_ratio": 1.551388403354524,
    "sortino_ratio": 2.028091059444969,
    "calmar_ratio": 12.34884196764092,
    "total_trades": 27,
    "win_rate_%": 85.18518518518519,
    "profit_factor": 34.57280327993943
  }
}