{
  "in_sample": {
    "total_return_%": 1464.3362773044344,
    "max_drawdown_%": 6.649027291568791,
    "sharpe_ratio": 0.8258338529319837,
    "sortino_ratio": 0.7077349203417451,
    "calmar_ratio": 3.358289456460589,
    "total_trades": 63,
    "win_rate_%": 73.01587301587301,
    "profit_factor": 16.69340427372007
  },
  "out_of_sample": {
    "total_return_%": 539.6109745034429,
    "max_drawdown_%": 2.6937617477506466,
    "sharpe_ratio": 1.5336516975282941,
    "sortino_ratio": 2.0014598604581235,
    "calmar_ratio": 12.186687282245602,
    "total_trades": 27,
    "win_rate_%": 85.18518518518519,
    "profit_factor": 33.524406263291915
  }
}