{
  "in_sample": {
    "total_return_%": 1455.0255859931392,
    "max_drawdown_%": 4.878452543842675,
    "sharpe_ratio": 0.8332662278246121,
    "sortino_ratio": 0.910891059678127,
    "calmar_ratio": 4.577831641766241,
    "total_trades": 62,
    "win_rate_%": 74.19354838709677,
    "profit_factor": 17.285108111240767
  },
  "out_of_sample": {
    "total_return_%": 934.6832473931954,
    "max_drawdown_%": 0.9152732673729622,
    "sharpe_ratio": 0.48388230056717635,
    "sortino_ratio": 15.38187574929069,
    "calmar_ratio": 86.46833761419046,
    "total_trades": 27,
    "win_rate_%": 85.18518518518519,
    "profit_factor": 57.10097941126487
  }
}