{
  "in_sample": {
    "total_return_%": 1481.1174422638833,
    "max_drawdown_%": 4.524127499096066,
    "sharpe_ratio": 0.8741877208067047,
    "sortino_ratio": 0.9562265584372391,
    "calmar_ratio": 4.957217971294851,
    "total_trades": 62,
    "win_rate_%": 75.80645161290323,
    "profit_factor": 19.328350176714224
  },
  "out_of_sample": {
    "total_return_%": 922.1192828402071,
    "max_drawdown_%": 8.821697238315664,
    "sharpe_ratio": 0.4710412538460246,
    "sortino_ratio": 1.1114920480276849,
    "calmar_ratio": 9.610392612430708,
    "total_trades": 27,
    "win_rate_%": 88.88888888888889,
    "profit_factor": 63.703371705412884
  }
}