{
  "in_sample": {
    "total_return_%": 1481.1174422638828,
    "max_drawdown_%": 4.524127499096066,
    "sharpe_ratio": 0.8749398383502244,
    "sortino_ratio": 0.9578681490955006,
    "calmar_ratio": 4.965728216739134,
    "total_trades": 62,
    "win_rate_%": 75.80645161290323,
    "profit_factor": 19.328350176714224
  },
  "out_of_sample": {
    "total_return_%": 915.8576086854142,
    "max_drawdown_%": 8.821697238315664,
    "sharpe_ratio": 0.4709437122095843,
    "sortino_ratio": 1.2884880097335827,
    "calmar_ratio": 9.618066868477356,
    "total_trades": 27,
    "win_rate_%": 85.18518518518519,
    "profit_factor": 47.990342786871764
  }
}