{
  "in_sample": {
    "total_return_%": 974.4341911709249,
    "max_drawdown_%": 34.38027266005559,
    "sharpe_ratio": 0.6642795726352995,
    "sortino_ratio": 0.985192226996522,
    "calmar_ratio": 0.6359412790573546,
    "total_trades": 40,
    "win_rate_%": 80.0,
    "profit_factor": 8.505603435446329
  },
  "out_of_sample": {
    "total_return_%": 413.11997849466724,
    "max_drawdown_%": 47.6587401268174,
    "sharpe_ratio": 0.7110797064926817,
    "sortino_ratio": 1.1300021569270904,
    "calmar_ratio": 0.9622821280303827,
    "total_trades": 21,
    "win_rate_%": 76.19047619047619,
    "profit_factor": 8.052552311601497
  }
}