{
  "in_sample": {
    "total_return_%": 891.4842652381,
    "max_drawdown_%": 34.38027266005559,
    "sharpe_ratio": 0.6510301215558836,
    "sortino_ratio": 0.9694587974917648,
    "calmar_ratio": 0.6259860505304881,
    "total_trades": 39,
    "win_rate_%": 79.48717948717949,
    "profit_factor": 7.870354402638654
  },
  "out_of_sample": {
    "total_return_%": 504.2107158542938,
    "max_drawdown_%": 29.19516637601062,
    "sharpe_ratio": 0.8764199450207736,
    "sortino_ratio": 1.5301501336036207,
    "calmar_ratio": 1.3300779548713482,
    "total_trades": 22,
    "win_rate_%": 77.27272727272727,
    "profit_factor": 9.430867813848549
  }
}