{
  "in_sample": {
    "total_return_%": 1481.1174422638833,
    "max_drawdown_%": 4.524127499096066,
    "sharpe_ratio": 0.8740625563571913,
    "sortino_ratio": 0.9559535068785764,
    "calmar_ratio": 4.955802432182546,
    "total_trades": 62,
    "win_rate_%": 75.80645161290323,
    "profit_factor": 19.328350176714224
  },
  "out_of_sample": {
    "total_return_%": 922.1192828402071,
    "max_drawdown_%": 8.821697238315664,
    "sharpe_ratio": 0.47088438945256283,
    "sortino_ratio": 1.1107520400063613,
    "calmar_ratio": 9.603994215218702,
    "total_trades": 27,
    "win_rate_%": 88.88888888888889,
    "profit_factor": 63.703371705412884
  }
}